U_AC_1_1,U_DC_1_1,Phase_1_1,U_AC_1_2,U_DC_1_2,Phase_1_2,U_AC_1_3,U_DC_1_3,Phase_1_3,U_AC_1_4,U_DC_1_4,Phase_1_4,U_AC_1_5,U_DC_1_5,Phase_1_5,U_AC_1_6,U_DC_1_6,Phase_1_6,U_AC_1_7,U_DC_1_7,Phase_1_7,U_AC_1_8,U_DC_1_8,Phase_1_8,U_AC_2_1,U_DC_2_1,Phase_2_1,U_AC_2_2,U_DC_2_2,Phase_2_2,U_AC_2_3,U_DC_2_3,Phase_2_3,U_AC_2_4,U_DC_2_4,Phase_2_4,U_AC_2_5,U_DC_2_5,Phase_2_5,U_AC_2_6,U_DC_2_6,Phase_2_6,U_AC_2_7,U_DC_2_7,Phase_2_7,U_AC_2_8,U_DC_2_8,Phase_2_8,U_AC_3_1,U_DC_3_1,Phase_3_1,U_AC_3_2,U_DC_3_2,Phase_3_2,U_AC_3_3,U_DC_3_3,Phase_3_3,U_AC_3_4,U_DC_3_4,Phase_3_4,U_AC_3_5,U_DC_3_5,Phase_3_5,U_AC_3_6,U_DC_3_6,Phase_3_6,U_AC_3_7,U_DC_3_7,Phase_3_7,U_AC_3_8,U_DC_3_8,Phase_3_8,U_AC_4_1,U_DC_4_1,Phase_4_1,U_AC_4_2,U_DC_4_2,Phase_4_2,U_AC_4_3,U_DC_4_3,Phase_4_3,U_AC_4_4,U_DC_4_4,Phase_4_4,U_AC_4_5,U_DC_4_5,Phase_4_5,U_AC_4_6,U_DC_4_6,Phase_4_6,U_AC_4_7,U_DC_4_7,Phase_4_7,U_AC_4_8,U_DC_4_8,Phase_4_8
7.953292932870228e-06,8.031504933993538e-06,-0.3412416902991192,8.764671618828178e-06,8.844509008259836e-06,-0.3299595728009366,8.210332113379477e-06,8.278981941900198e-06,-0.3153723552582009,7.08516042914296e-06,7.136375797313518e-06,-0.2975836696592714,6.714185108990193e-06,6.759002250220676e-06,-0.2873762463334232,6.8093378184463295e-06,6.851568530421972e-06,-0.2787378881131349,6.916729916034973e-06,6.957556437210174e-06,-0.2734666042524566,7.3183017190687645e-06,7.359170837079891e-06,-0.269083565945287,1.207903385866327e-06,1.223649154772217e-06,-0.4327634172131077,1.3434456797250546e-06,1.3599221278692402e-06,-0.4208761510336536,1.2669469072795913e-06,1.2808371678940373e-06,-0.4042301491950853,1.0354634075348397e-06,1.0449518747603415e-06,-0.3829574562980631,9.248997317324062e-07,9.327867134866262e-07,-0.3718269868815843,9.676373227231592e-07,9.751195610686951e-07,-0.3586703911652466,9.992229206677873e-07,1.0068070516550776e-06,-0.3501062612337326,1.0631886869274124e-06,1.0710628310252466e-06,-0.3405652370570297,1.9924475092490805e-07,2.023668009158494e-07,-0.535744900235198,2.206416144460716e-07,2.238894054756476e-07,-0.5223134381558695,2.032780822638053e-07,2.06064668056044e-07,-0.4979931428484145,1.497345620797619e-07,1.515503925331856e-07,-0.4702576279804845,1.3170606333290977e-07,1.3311815165058293e-07,-0.4610627366858707,1.4140627774950908e-07,1.428724253011821e-07,-0.4398104462024397,1.442136965397027e-07,1.4554958201442896e-07,-0.4329605786344028,1.653164007588151e-07,1.667760696452038e-07,-0.4194771949089436,3.219113326503738e-08,3.2848147312427336e-08,-0.644262819070959,3.849884645066975e-08,3.920168883641111e-08,-0.6144319991790859,3.6826500354382745e-08,3.7433355899117426e-08,-0.5797593671593902,2.4948427677002776e-08,2.5282727807586105e-08,-0.5655783430876127,2.6512245050172953e-08,2.6824024626458712e-08,-0.5224209398562119,2.4145045713934253e-08,2.443890271455298e-08,-0.5082780843607133,2.293346467144201e-08,2.3190578448170645e-08,-0.5112882890927529,2.7047891210062053e-08,2.7346470799807254e-08,-0.4883962129501707
7.953292932871461e-06,8.03150493399831e-06,-0.3412416902993762,8.764671574988677e-06,8.844508944719751e-06,-0.3299595728183906,8.21033209456277e-06,8.27898190402052e-06,-0.3153723555894417,7.085160409533805e-06,7.1363757873853775e-06,-0.2975836695776973,6.714185109565732e-06,6.759002250831639e-06,-0.2873762463639578,6.809337829505761e-06,6.851568542870333e-06,-0.2787378883579873,6.9167299154594506e-06,6.957556435988248e-06,-0.2734666042228101,7.318301740954416e-06,7.359170837079891e-06,-0.2690835657879655,1.207903385866327e-06,1.223649154772217e-06,-0.4327634172131077,1.3434456797279415e-06,1.3599221278740133e-06,-0.4208761510364831,1.2669469048398948e-06,1.2808371654501871e-06,-0.4042301493074955,1.0354634099768806e-06,1.0449518796444618e-06,-0.3829574563232861,9.248997317324062e-07,9.327867134866262e-07,-0.3718269868815843,9.676373224261678e-07,9.751195610686951e-07,-0.3586703910913352,9.99222920966973e-07,1.006807051960559e-06,-0.3501062612954784,1.0631886870722252e-06,1.0710628310252466e-06,-0.3405652371027122,1.9924475092490805e-07,2.023668009158494e-07,-0.535744900235198,2.2064161443779846e-07,2.238894054756476e-07,-0.5223134381342827,2.032780822638053e-07,2.06064668056044e-07,-0.4979931428484145,1.497345620797619e-07,1.515503925331856e-07,-0.4702576279804845,1.3170606333290977e-07,1.3311815165058293e-07,-0.4610627366858707,1.4140627774950908e-07,1.428724253011821e-07,-0.4398104462024397,1.442136965397027e-07,1.4554958201442896e-07,-0.4329605786344028,1.6531640075784754e-07,1.667760696440105e-07,-0.419477194904719,3.219113326503738e-08,3.2848147312427336e-08,-0.644262819070959,3.849884645066975e-08,3.920168883641111e-08,-0.6144319991790859,3.6826500354382745e-08,3.7433355899117426e-08,-0.5797593671593902,2.4948427677002776e-08,2.5282727807586105e-08,-0.5655783430876127,2.6512245050172953e-08,2.6824024626458712e-08,-0.5224209398562119,2.4145045713934253e-08,2.443890271455298e-08,-0.5082780843607133,2.293346467144201e-08,2.3190578448170645e-08,-0.5112882890927529,2.7047891210062053e-08,2.7346470799807254e-08,-0.4883962129501707
7.536929643124343e-06,7.611157463903207e-06,-0.3413466044552266,8.324291676292921e-06,8.401062188151316e-06,-0.3275738385299866,8.322302025804668e-06,8.3898380120163e-06,-0.3121150030779666,7.053953390444303e-06,7.103921239741214e-06,-0.295156916895218,6.33501843179693e-06,6.37615688964511e-06,-0.2874291443632023,6.883804047111742e-06,6.925202753419463e-06,-0.2757454897340949,7.034645065884339e-06,7.075159233716837e-06,-0.270181808483155,6.881602979494399e-06,6.919883337500185e-06,-0.2689099712482211,1.154948013687975e-06,1.1695031778837965e-06,-0.4347358906138469,1.243763716457192e-06,1.259190458257904e-06,-0.4223653756197822,1.2301666908236948e-06,1.24321152969266e-06,-0.4044807086724393,1.0006852074768745e-06,1.0100350069637234e-06,-0.3792539538959202,8.652231778906414e-07,8.725120322081811e-07,-0.3719166433863974,9.31095813258247e-07,9.383282366306576e-07,-0.3572815251095486,1.014360074910366e-06,1.0217344653912637e-06,-0.34734891737661,1.0130253335046986e-06,1.020464366045343e-06,-0.3399784939957003,1.942076218854758e-07,1.9720315215459317e-07,-0.533095301642463,2.1026818579862602e-07,2.1346582176955386e-07,-0.5114589351103936,2.085804733017373e-07,2.1136413197880534e-07,-0.4858324719456585,1.578069922823387e-07,1.5951042067421238e-07,-0.4661572191457525,1.269868131904196e-07,1.2826228086726978e-07,-0.4567375420403339,1.439601089716587e-07,1.453859436227602e-07,-0.4336406220699632,1.622148121739987e-07,1.636880434647681e-07,-0.4194469486755477,1.6928925083591557e-07,1.7084486660029565e-07,-0.4035478259866488,2.6622099195280147e-08,2.7144629155280942e-08,-0.6572877069071761,3.4458997810903796e-08,3.507260652089513e-08,-0.6198865591986611,3.334317142014957e-08,3.385263968946284e-08,-0.5861100915850996,2.254006586173078e-08,2.2823098407190304e-08,-0.5667946928229665,2.038211483619238e-08,2.0632946043130825e-08,-0.5340355797569477,2.3724503945031773e-08,2.400350548758733e-08,-0.5076885813482762,2.7951730264596176e-08,2.8265179014083984e-08,-0.482058101211542,2.4909468099680977e-08,2.5146669030758397e-08,-0.5053837549155141
6.355897799222583e-06,6.413005078510157e-06,-0.3298303300634477,7.34030244152884e-06,7.401239480633163e-06,-0.3167887402882196,6.878221453541862e-06,6.929745806681049e-06,-0.3039769859928489,5.880258951292839e-06,5.918027384263937e-06,-0.2883077576413594,5.84255812076212e-06,5.876519182015682e-06,-0.275727945907428,5.5813491745423655e-06,5.612041439870408e-06,-0.2692968590100504,5.552581749323767e-06,5.581692971583104e-06,-0.2652454604345824,5.764869653778834e-06,5.794433192618344e-06,-0.2597743958852915,9.171844016294388e-07,9.282955993497608e-07,-0.4182855257137556,1.0506266170247302e-06,1.0622819945170146e-06,-0.4087286872170999,9.832802457828363e-07,9.92995806156217e-07,-0.3901126599929899,7.888613833799751e-07,7.956519526362212e-07,-0.367045098473132,7.906625513829469e-07,7.967327000923417e-07,-0.3527824217817192,7.458515259523029e-07,7.510596928389672e-07,-0.3464186135844463,7.599666792357669e-07,7.650662392050349e-07,-0.3391737266085586,7.689099956596716e-07,7.740297482069161e-07,-0.3337520770372529,1.3513040442857604e-07,1.370025830030577e-07,-0.5264186475723073,1.664687593810125e-07,1.6870858482507317e-07,-0.5040365171143762,1.5501657264501977e-07,1.5694817030667206e-07,-0.4709306575900804,1.196566965247164e-07,1.2084556708759476e-07,-0.4497567335446931,1.1518844420176381e-07,1.1626558347728792e-07,-0.4301184892023363,1.0351479530885057e-07,1.0444430172141165e-07,-0.4208048307922514,1.0224659409800937e-07,1.0315957811918153e-07,-0.4140202819778601,1.1457163989680441e-07,1.1549459820604118e-07,-0.4059992554148949,2.2255264718458803e-08,2.2661414987529495e-08,-0.6143631528124538,2.6392191651642617e-08,2.6827136011839188e-08,-0.6010757524346986,2.5500526030416264e-08,2.5880475539534494e-08,-0.5638327616790013,1.7237289466280977e-08,1.7477295580561643e-08,-0.5271477895477227,1.8626511857302026e-08,1.883744503482893e-08,-0.4988796387354385,1.5725504620880635e-08,1.5894082478856514e-08,-0.4956676654860801,1.7865464521891073e-08,1.8027677970050805e-08,-0.4842020420872623,1.941850261506137e-08,1.9612432116293927e-08,-0.4594040033730369
9.48147900445268e-06,9.582839312207594e-06,-0.3467381245137135,9.784477650548235e-06,9.883825383746485e-06,-0.3402151585276333,9.405133438433645e-06,9.489935486354176e-06,-0.3247520113808819,8.44209934926421e-06,8.506861463943745e-06,-0.3042987073081341,7.773380569236288e-06,7.828752406413824e-06,-0.2969636581803671,8.1244067613428e-06,8.177997061019836e-06,-0.2851960957565381,8.270400439267288e-06,8.322830163404288e-06,-0.2808027622087162,8.73878164327889e-06,8.791674492949577e-06,-0.2760799601928678,1.4854090545275211e-06,1.5062293291982096e-06,-0.4454459707962277,1.490303369119584e-06,1.510677431924542e-06,-0.4391180453626307,1.4428226238399951e-06,1.4604198211777236e-06,-0.4180408036603285,1.2668771139906929e-06,1.2800226308595658e-06,-0.3909070737746669,1.154279367896761e-06,1.1649378220383454e-06,-0.3799422875450074,1.1751386091532689e-06,1.1851781684939895e-06,-0.3689219868238279,1.2209481476612594e-06,1.230942181682064e-06,-0.3612030020133191,1.2958621380761631e-06,1.306124738589672e-06,-0.3555173634306958,2.45091568137748e-07,2.493301027197532e-07,-0.5580844691324466,2.535617709650062e-07,2.578475812755978e-07,-0.5401498545201358,2.3985724393565725e-07,2.434957873608768e-07,-0.5108818964442664,2.057769354974572e-07,2.083274020442678e-07,-0.47558531797142,1.7437010589454464e-07,1.7640821107013186e-07,-0.4692256222037979,1.7677818442679817e-07,1.7864527569077185e-07,-0.4578930020912103,1.9802577427707705e-07,2.0013994840073329e-07,-0.4335682520461126,2.1704265423286729e-07,2.1912203212082642e-07,-0.4301730247947311,4.498375294429846e-08,4.59229651145812e-08,-0.6522343758010065,4.6765011863402655e-08,4.765409051277296e-08,-0.6480742486350098,4.6170069178756935e-08,4.7070433911824396e-08,-0.5938287963469603,3.434250400059996e-08,3.4873546051268885e-08,-0.5743086915427619,3.3025576171959273e-08,3.345872855505647e-08,-0.5478816576337108,3.077918317761908e-08,3.117129079061937e-08,-0.5290146229012401,3.601514098057508e-08,3.645367544449308e-08,-0.5173220699624216,3.467548823018272e-08,3.510729882387965e-08,-0.5122317348472532
9.493525496118336e-06,9.59505045636963e-06,-0.3465395475389453,1.0349116342284546e-05,1.045336785815141e-05,-0.3358910027703063,8.937558280717716e-06,9.020511358161442e-06,-0.3273001740343857,8.592884881996961e-06,8.659818275042944e-06,-0.3019850940553261,7.469169305034194e-06,7.523108072683361e-06,-0.298041425274658,8.398088905446386e-06,8.45339462605116e-06,-0.2836706118282825,8.136366907232749e-06,8.18840850110052e-06,-0.2806566238674703,8.427005109392422e-06,8.478768066160708e-06,-0.27647032589601,1.4901350284477134e-06,1.511073748109105e-06,-0.4449755225082536,1.6232228327361377e-06,1.6453054361285493e-06,-0.434263641443848,1.4061751076099787e-06,1.4229669296280012e-06,-0.4228450835038866,1.350256066727973e-06,1.3640483761584709e-06,-0.3868204793870534,1.0816079687801284e-06,1.0917585783407317e-06,-0.3840848330994923,1.2567458331166503e-06,1.2676491445602e-06,-0.3623033696378102,1.2370347665890575e-06,1.2472175815478838e-06,-0.3581504166549068,1.2367806281847906e-06,1.2471338327338471e-06,-0.3511590268550058,2.43026654322904e-07,2.472190820893039e-07,-0.559021833417669,2.8491285350980324e-07,2.895225665426543e-07,-0.5360869063616153,2.326009975447413e-07,2.3610900505088853e-07,-0.513221728355267,2.0747009988206504e-07,2.1011645629896747e-07,-0.4793978022545314,1.678572930172389e-07,1.697652623579766e-07,-0.4673426614494632,1.8709679025104516e-07,1.8920963534892613e-07,-0.4487174398915297,1.966460956706588e-07,1.98726206723879e-07,-0.4363701930101946,2.078631007045304e-07,2.0988920685431522e-07,-0.4293365909966938,4.4142804873222336e-08,4.5078058549546976e-08,-0.6538302097300879,5.0647759750562165e-08,5.1648817682692944e-08,-0.6392407075202029,4.090805024449688e-08,4.169755335985139e-08,-0.6055369551162083,3.780543819728284e-08,3.839358264833096e-08,-0.5570181580234634,2.584616015692073e-08,2.6229768489945803e-08,-0.5528456454280505,3.4284079188329656e-08,3.4729603293712383e-08,-0.5257261358657929,3.476314221314079e-08,3.518206011229259e-08,-0.502836479271382,3.6871568444830406e-08,3.731263133045519e-08,-0.5012808610779523
6.19368685271077e-06,6.248556887464719e-06,-0.3299110361751548,6.852048102809919e-06,6.908963983692359e-06,-0.3205683140786158,6.63581141265186e-06,6.6855592716555e-06,-0.3032067336487615,5.643472490111636e-06,5.67954895530015e-06,-0.28921203121537,5.631644700255121e-06,5.664707215919901e-06,-0.2759263202346537,5.17970521844869e-06,5.2079362256795705e-06,-0.2721606575131971,5.480326259094158e-06,5.5088354773553205e-06,-0.2644395395234939,5.923473985124326e-06,5.952917069488464e-06,-0.2585462983214909,8.823097623914393e-07,8.928258320415107e-07,-0.4232046912264167,1.0029334653022634e-06,1.0142106225709165e-06,-0.4058852914544502,9.621477462494428e-07,9.71522324105261e-07,-0.3863188763760989,7.530459476353707e-07,7.592921975893405e-07,-0.3729429603644373,7.447373468665507e-07,7.502277014013221e-07,-0.3586906373119374,6.80123300408787e-07,6.84880375062654e-07,-0.3484862339394691,7.604992337988212e-07,7.656333643326446e-07,-0.3368857729386172,7.941427441299553e-07,7.992631763673857e-07,-0.334803323326542,1.351207245176646e-07,1.371144281409235e-07,-0.5166386074839722,1.489210418960718e-07,1.5086318444739544e-07,-0.5090624973150991,1.412915961449662e-07,1.429876061668025e-07,-0.4798488017533081,1.0882487251753621e-07,1.0995208226681577e-07,-0.4523508346873208,1.0701113373487785e-07,1.079944343224523e-07,-0.4362591746922662,8.912831786819482e-08,8.997101460137514e-08,-0.4297306692043849,1.064188381602485e-07,1.073471843931955e-07,-0.4079568884947344,1.2050523508104894e-07,1.2142619824094913e-07,-0.4039936932441901,2.1594224431003484e-08,2.200007952915364e-08,-0.6064092781116837,2.7121064882660922e-08,2.7530127194146536e-08,-0.5920162307673256,2.1789342208068373e-08,2.205798979238709e-08,-0.5826063629655519,1.8244791324165192e-08,1.8464884309514266e-08,-0.5242201494178377,1.6568332316903646e-08,1.67553026552309e-08,-0.5114450288334753,1.3333916007728064e-08,1.3477291622930931e-08,-0.5116869549363109,1.6018216883769396e-08,1.6171186092171736e-08,-0.4882621782479848,1.7805023671419572e-08,1.7982251222942072e-08,-0.4743100157831986
9.923463314014154e-06,1.0020661936675368e-05,-0.3398529828317686,1.1214877827210517e-05,1.1315817964434517e-05,-0.3285236359726513,9.66276735612728e-06,9.742101039262153e-06,-0.3186402746383607,8.597980927046698e-06,8.65852478410232e-06,-0.2990150408665466,8.736855007731538e-06,8.793084533464654e-06,-0.2851880171947074,8.349198867507657e-06,8.39866902063052e-06,-0.2812364645850816,8.713194119714092e-06,8.763104047437259e-06,-0.2723414079755341,9.088078605097068e-06,9.137712007845997e-06,-0.2690501595813382,1.4661532673028425e-06,1.4848020825781757e-06,-0.4368789165794472,1.7560482800239973e-06,1.7770614704002952e-06,-0.4181058693727539,1.4007099509285112e-06,1.4160738767791064e-06,-0.4091616659713044,1.237659356242135e-06,1.249034054734119e-06,-0.3822433051714897,1.2113896050932463e-06,1.2215788456394662e-06,-0.3637072853823895,1.1690817969095118e-06,1.178301194528524e-06,-0.3551471876398569,1.159137002876668e-06,1.1678134923396042e-06,-0.3535897515564004,1.3026224739022656e-06,1.3121424242013984e-06,-0.3410085485574385,2.3716237612971325e-07,2.409628574179159e-07,-0.5333754362939502,2.8482440055881125e-07,2.891892103836627e-07,-0.5110762430270943,2.3115028556184778e-07,2.341677392299051e-07,-0.4994965541008159,1.8755425120511305e-07,1.895991940251141e-07,-0.4705077680668765,1.877819218202375e-07,1.89686636987578e-07,-0.4464439312306547,1.7185609933500205e-07,1.7346858374044137e-07,-0.4415627435422598,1.7734847508964789e-07,1.7894861766441834e-07,-0.4316870150514968,1.9857284233691355e-07,2.0033075805561326e-07,-0.4184212742732699,3.7991300317569555e-08,3.862658603492388e-08,-0.6454486274490991,4.6599100379155536e-08,4.739159333339595e-08,-0.6206847252401441,3.6687629641634255e-08,3.7258647277684e-08,-0.5932595733672696,3.026156709170162e-08,3.0695734131726885e-08,-0.5456705530178738,2.883785210504239e-08,2.9194305408097352e-08,-0.5357354492219488,2.7463907887624924e-08,2.77981406975586e-08,-0.5110424081566171,3.065198659484922e-08,3.101171992302882e-08,-0.4952836895946088,3.195563537509239e-08,3.2290740454685834e-08,-0.4920573948257192
1.3166253443763874e-05,1.331253914421267e-05,-0.3537499493920911,1.412140739457612e-05,1.4268733340604313e-05,-0.3439709748615303,1.2820805939725809e-05,1.2942237658185772e-05,-0.3306010450027834,1.1319956957538697e-05,1.1410642317180473e-05,-0.3110320653572665,1.0938996634996805e-05,1.101957916175214e-05,-0.2997045707823489,1.1485376857409712e-05,1.1564002214766752e-05,-0.2897794283947558,1.17364870433886e-05,1.1813068848740989e-05,-0.2843586185027354,1.1983961084010665e-05,1.2059391237908748e-05,-0.2802805061326627,2.1108976327563914e-06,2.14186260967011e-06,-0.452339184408236,2.3367330658993067e-06,2.368380789520516e-06,-0.442184866520807,2.0597737720344466e-06,2.0852397726417425e-06,-0.4230289656886908,1.7471926076064302e-06,1.765500703201025e-06,-0.4007228825906598,1.627397651163151e-06,1.6426808409325917e-06,-0.3870900273722639,1.7085941928167148e-06,1.7243298726716102e-06,-0.3714347636390273,1.724514635215705e-06,1.7395187800765565e-06,-0.3651373762257044,1.8137580732967425e-06,1.8290597048470225e-06,-0.3590033530938439,3.853124503594211e-07,3.9242415805688934e-07,-0.5454568836898268,4.3777581261427035e-07,4.449277335449911e-07,-0.5337092407190275,3.3586367253517974e-07,3.41082015808653e-07,-0.5241348347357149,2.879533142754674e-07,2.9156091028761657e-07,-0.49198771418817,2.536398159643677e-07,2.566515789065367e-07,-0.4750883822813677,2.7850786453819325e-07,2.816459463077894e-07,-0.4558118359717624,2.808538366441588e-07,2.838402507201311e-07,-0.4483669313067575,2.983990578649621e-07,3.01419172481012e-07,-0.4406948558385919,7.066554843794071e-08,7.21384517427802e-08,-0.6540297460661855,7.52727059717167e-08,7.681737682380347e-08,-0.6421120700404763,5.7055759444610675e-08,5.8160088333646974e-08,-0.6268527980733186,5.1625563014504696e-08,5.245046744154127e-08,-0.5674452722499814,4.5747591661231346e-08,4.640885441179302e-08,-0.5473973373255542,4.7295767384362955e-08,4.7888803909741165e-08,-0.5422956084813818,4.842140936897485e-08,4.902562037048799e-08,-0.5286296725549944,5.67453825342578e-08,5.74768239986695e-08,-0.5011465184970435
1.01992405056101e-05,1.0301162679247731e-05,-0.3443536666427514,1.099865391327762e-05,1.1102225519249893e-05,-0.3334801867831941,1.077863557423424e-05,1.0868349848705956e-05,-0.3164292741074583,9.152436491231283e-06,9.218550187848984e-06,-0.3006697412703479,8.990696428540574e-06,9.049520624788436e-06,-0.2883469192562627,8.639916276004572e-06,8.692481830879241e-06,-0.2839315948197727,9.593773818620385e-06,9.649650749990485e-06,-0.2731966858670839,9.484383947715148e-06,9.537672414361435e-06,-0.271248925709517,1.5617040751360173e-06,1.5819092679065951e-06,-0.4400768122390495,1.701399680000226e-06,1.7222318303579865e-06,-0.4263686965676896,1.6323513547890266e-06,1.6502191882385156e-06,-0.4067004168575351,1.3211067251696707e-06,1.3337801160422423e-06,-0.3836619977679281,1.2584704845380904e-06,1.2694804704690286e-06,-0.3705423238456786,1.2301450032354567e-06,1.2399893073680852e-06,-0.3593934582279804,1.3718448823138656e-06,1.3822614019157277e-06,-0.3488606940592987,1.3368725105333702e-06,1.3467742298275717e-06,-0.3475275012621367,2.6183214381196457e-07,2.6603678916940735e-07,-0.5388894280103378,2.919218016448124e-07,2.9636183110056977e-07,-0.5180882947637869,2.694081723863909e-07,2.73006717818523e-07,-0.5003010653980581,2.039930602466999e-07,2.062575328829249e-07,-0.473611342274827,1.9676642669041678e-07,1.9885474055801797e-07,-0.44875303778177,1.789000133921372e-07,1.8069436962471446e-07,-0.4428801012907665,2.1175867581602333e-07,2.136793924942455e-07,-0.4298464327063712,2.099379159300877e-07,2.1177020139988458e-07,-0.4255091389303769,4.68794867350888e-08,4.775001016125456e-08,-0.6288601647394957,4.625140941894916e-08,4.7103592365168336e-08,-0.6255847897211761,4.2090574862004505e-08,4.285259412425749e-08,-0.5935558657317318,3.4942471561507826e-08,3.5460862601963953e-08,-0.549721719525945,3.212809598849219e-08,3.2531401947767155e-08,-0.5350247598763112,3.28108971529996e-08,3.3255179805244785e-08,-0.4990320825903472,3.3474718415968176e-08,3.3847821212628125e-08,-0.5097027827217264,3.4463160141649625e-08,3.4842209727935594e-08,-0.4948699214623934
1.290206707704542e-05,1.3045938035392296e-05,-0.355840013337973,1.336257023120184e-05,1.3503307017482734e-05,-0.3464326835880345,1.281402542734324e-05,1.2934857749244018e-05,-0.3306334016564994,1.1913967978903856e-05,1.2009377705622997e-05,-0.3083541956715289,1.141496983417388e-05,1.149796973866041e-05,-0.2988086424169372,1.1457057553776212e-05,1.1535940723251217e-05,-0.2890996449722366,1.1524966778107877e-05,1.1600824843861635e-05,-0.2855934455336152,1.1135886607670184e-05,1.1208133942597644e-05,-0.2820419908850641,2.078701483922348e-06,2.1094875013962824e-06,-0.4529517195124219,2.116478056107652e-06,2.1455417380095766e-06,-0.4480802141439081,2.0549756176283678e-06,2.0803302378797984e-06,-0.4234380125587256,1.806221424249926e-06,1.825020056426152e-06,-0.3990991544550408,1.7496494754140413e-06,1.7664152260529515e-06,-0.3805347735265798,1.7123533986717804e-06,1.72762395162357e-06,-0.3733333055640908,1.7495131393618517e-06,1.7645533772946605e-06,-0.3625634007837495,1.5913387238853018e-06,1.6048291709396694e-06,-0.3653977652145354,3.797065035120703e-07,3.865251787704539e-07,-0.5453653576675412,3.9243938722245874e-07,3.991394395222551e-07,-0.5353497472561453,3.370459640224139e-07,3.422986006697444e-07,-0.5242447026496078,2.8075207477339775e-07,2.8446700057736585e-07,-0.4910612901070053,2.850756278126187e-07,2.884055131657282e-07,-0.4701380235052446,2.697851578769821e-07,2.727759755980161e-07,-0.4568258236923713,2.774000562907704e-07,2.802726541118491e-07,-0.4502393430867347,2.5407342677934616e-07,2.565622689421559e-07,-0.4510905321517092,6.913489844174124e-08,7.054754887611703e-08,-0.6569059942922877,6.728565670050753e-08,6.863601046070338e-08,-0.6512190794756515,5.643456826077023e-08,5.752806621830477e-08,-0.6263786780845146,5.622990535300454e-08,5.7041735631182576e-08,-0.5728109199367165,4.939271468496663e-08,5.0086889121440614e-08,-0.55528997729263,5.297324644083991e-08,5.3731257083997166e-08,-0.515327915207022,5.5615206330578415e-08,5.6372985108665086e-08,-0.4986315272965803,4.41042302021989e-08,4.4680357106794164e-08,-0.5241232375685665
1.3041483128094488e-05,1.318571191088532e-05,-0.3549933755655806,1.3352260936540404e-05,1.3493592489426784e-05,-0.3468842696929362,1.2439715146286784e-05,1.255780493185362e-05,-0.3315534625785535,1.1530401650351914e-05,1.1622599566157584e-05,-0.309502129777876,1.0934313490960756e-05,1.1014118717135696e-05,-0.3000677180083661,1.0871616175104532e-05,1.094652728264756e-05,-0.2920387918066254,1.1137607710689566e-05,1.1210956969275371e-05,-0.2864279301070046,1.246187436764816e-05,1.2540491065803576e-05,-0.2790344413663831,2.141539867975347e-06,2.1730642704742484e-06,-0.4508835014228815,2.213505531049992e-06,2.2445239884168262e-06,-0.4406413681855131,1.9303519945719394e-06,1.9548841209778374e-06,-0.4262698584681301,1.7241196140889272e-06,1.7423856572041476e-06,-0.4009446621401017,1.6288503358913988e-06,1.6447122269986315e-06,-0.3835511818932792,1.6344127642508949e-06,1.6492155619751556e-06,-0.3718828395137508,1.6257995260908175e-06,1.64007246558405e-06,-0.3685673694245915,1.919005768436318e-06,1.9348222959079094e-06,-0.3553067458572554,3.8116837423620186e-07,3.881400830086114e-07,-0.5474634558916716,3.993175646481359e-07,4.061972417110924e-07,-0.5417299122456989,3.279441449096828e-07,3.332018180645822e-07,-0.5207614985558312,2.795337574333225e-07,2.830700251787787e-07,-0.4924432615867676,2.7159003389394e-07,2.748212200091377e-07,-0.4663110248896259,2.578522252585341e-07,2.609478070298661e-07,-0.4522593928139103,2.5960571472168546e-07,2.624085539029703e-07,-0.4485554732010348,3.15178129140636e-07,3.183093151683158e-07,-0.4377641158908416,7.028909980403499e-08,7.173273115299505e-08,-0.6536089122374001,6.976208780592842e-08,7.122948719727997e-08,-0.6424873578654476,5.4914798530522e-08,5.589565419222518e-08,-0.6318024578793688,5.226329374214101e-08,5.3105732661107687e-08,-0.5696823727748854,4.4048282740992266e-08,4.4708398130191816e-08,-0.5541467634438493,4.428549693539563e-08,4.484167615882771e-08,-0.5452952813275074,4.6481238957481664e-08,4.7076135653631924e-08,-0.525650470734717,4.7382294198050995e-08,4.7965976403215145e-08,-0.5287042064074601
1.1036433845665784e-05,1.1150276985549566e-05,-0.3463325732852688,1.172356381843306e-05,1.1836760517486728e-05,-0.3383392882565162,1.1180573439680489e-05,1.1277537708319172e-05,-0.3224950448355822,9.920839205285008e-06,9.993986143957762e-06,-0.3030993716489238,9.607443343238692e-06,9.67185397383733e-06,-0.2918697446695949,8.907143730450186e-06,8.964591428511978e-06,-0.28748924351475,9.623957667727631e-06,9.682553605543069e-06,-0.2789104271669039,9.962398800215216e-06,1.0020915360248e-05,-0.2744917759093719,1.735627977982894e-06,1.759192659391288e-06,-0.441274313833551,1.7985151175574537e-06,1.8213597178979016e-06,-0.4330203352514675,1.6548922657698003e-06,1.6737805971696518e-06,-0.4175089697603568,1.4176504454450255e-06,1.4312994129295657e-06,-0.3905225226828209,1.4037615482685046e-06,1.4161908617492338e-06,-0.3723794209850015,1.2647812142734135e-06,1.2752362720300224e-06,-0.3702475886802405,1.3661569762644396e-06,1.3769755035041907e-06,-0.3585563870216207,1.4360923542775345e-06,1.4470459364922626e-06,-0.3506097938662552,2.836470385914063e-07,2.885508267525603e-07,-0.5403027566269746,3.275956455444049e-07,3.328152887242684e-07,-0.5205238062027843,2.778930760011718e-07,2.8197423132959177e-07,-0.4971674419061893,2.1819598887415202e-07,2.2073213416071122e-07,-0.4858882610210783,2.1726564290085925e-07,2.195699288427105e-07,-0.4610627295299465,1.9790188247237504e-07,1.998810773262946e-07,-0.4491885920456867,2.0544026772991458e-07,2.0744980457151065e-07,-0.4407874365553715,2.193436005069391e-07,2.214272992327825e-07,-0.4292888678174378,4.914115495226816e-08,5.0062927421088536e-08,-0.6536502315330484,5.3965714278169646e-08,5.486535631356956e-08,-0.6370791045358583,4.8193304729838194e-08,4.8961397682100884e-08,-0.6090741082292408,3.6730956848741855e-08,3.7302085828539336e-08,-0.5585970475032753,3.7341737690048946e-08,3.779930807550088e-08,-0.5436255272516666,3.1385744636892376e-08,3.1786678858600613e-08,-0.5265540389712416,3.980481185241786e-08,4.025186572212485e-08,-0.5057342932722872,3.8280791135637126e-08,3.871219508623062e-08,-0.5009291730627535
1.861844006532713e-05,1.886279398887871e-05,-0.3712294370031168,1.8607617355176007e-05,1.884418631663949e-05,-0.364450571855847,1.6973491327132172e-05,1.716934923393205e-05,-0.3528801553257974,1.5896829230891016e-05,1.6049149324463722e-05,-0.3274990105576561,1.4923148223134408e-05,1.5054731512201596e-05,-0.3171496199784461,1.5819997515133044e-05,1.595001499302987e-05,-0.3071932806019213,1.6398178527794762e-05,1.6527477245449373e-05,-0.300192479720656,1.7224289040982707e-05,1.7354639851058256e-05,-0.2948616123347014,3.390270700166096e-06,3.4486928443199315e-06,-0.4716916870945205,3.2693220825405286e-06,3.32399043335062e-06,-0.4692763442996495,2.9047062271209658e-06,2.949003814637539e-06,-0.45183587475521,2.6878065741616967e-06,2.722147982366113e-06,-0.4185136543757071,2.482208631953895e-06,2.511300989218478e-06,-0.4043611823611402,2.55278716975291e-06,2.5802290082332497e-06,-0.3945381604332573,2.7162862688524517e-06,2.744558663675691e-06,-0.384694794472571,2.940246040159525e-06,2.9694669571470665e-06,-0.3759344771878861,6.541876310080939e-07,6.683552681646665e-07,-0.5758369097558288,6.287678532428868e-07,6.41420012042872e-07,-0.5815744481439638,5.275353290289096e-07,5.370987037847801e-07,-0.562280742012443,4.777494481101794e-07,4.850737644404241e-07,-0.5180800310016517,4.1825246373293683e-07,4.2429933290434316e-07,-0.4996564501550446,4.721826768953686e-07,4.783965014654916e-07,-0.4790770574481076,4.955530329669223e-07,5.017547992102873e-07,-0.4720930864406459,5.281971904974125e-07,5.345606198638273e-07,-0.4639786461990721,1.251852127914568e-07,1.283197229926525e-07,-0.6935241660145768,1.2412974684651868e-07,1.2736999035494918e-07,-0.6821796852892182,9.549349444854694e-08,9.751404118788469e-08,-0.6817330922952587,9.747837588548853e-08,9.924598012956256e-08,-0.6070585466057513,8.212075389826853e-08,8.359811157154759e-08,-0.5916513007588527,9.306488432690909e-08,9.45115904474697e-08,-0.5642756296746216,9.585859788746337e-08,9.734982943813636e-08,-0.5531657573158211,1.0053244687006161e-07,1.0201260238232121e-07,-0.546256393665024
1.74135454037708e-05,1.7637555457484655e-05,-0.3699691489554135,1.854410503918911e-05,1.8772923160465697e-05,-0.3593394034361442,1.853413936586436e-05,1.8734129360986333e-05,-0.3419110993420015,1.503115269245603e-05,1.5172025511007952e-05,-0.325502413379839,1.484645732955814e-05,1.497414554443635e-05,-0.3124357060772694,1.4176776361231506e-05,1.429173220853098e-05,-0.3068097533969641,1.506515951294697e-05,1.5181954177109945e-05,-0.299665823712479,1.625616201721499e-05,1.6376642461171167e-05,-0.2933219801713904,3.1448785906536835e-06,3.197934633620284e-06,-0.4717790385217018,3.275315394867414e-06,3.327883719410765e-06,-0.4644981002017692,3.267867278776429e-06,3.3146647703521096e-06,-0.4391014401817073,2.4796326741371407e-06,2.510952159795152e-06,-0.4159161460010473,2.408391998628251e-06,2.435313365701714e-06,-0.4033623661222093,2.283850816271981e-06,2.307743097642356e-06,-0.3968355222595757,2.4330926409515878e-06,2.457734394812202e-06,-0.3858990796274869,2.63021320114018e-06,2.6563572595805697e-06,-0.3764021832126906,5.962808012186018e-07,6.089997241812487e-07,-0.5743386031779872,6.110553939336705e-07,6.23186502399542e-07,-0.5690838807295311,6.005759932217044e-07,6.114567438674258e-07,-0.5406666887678203,4.3416396788516347e-07,4.408498052092973e-07,-0.5134540126965147,4.343610658533712e-07,4.4033113216570363e-07,-0.4896733526283491,4.0075920738918806e-07,4.060903418409382e-07,-0.4805305089384399,4.3742047818910005e-07,4.428521472896547e-07,-0.4671248795449708,4.54451350244151e-07,4.597397132912771e-07,-0.4699246387038359,1.1759670110888872e-07,1.203353012898611e-07,-0.6912151036716442,1.1662804367137013e-07,1.194232784732472e-07,-0.6875582828615482,1.2676195919779298e-07,1.2950749101708106e-07,-0.6286394030691854,8.576299489288782e-08,8.736708434973353e-08,-0.6028456181888309,7.884657790846682e-08,8.012473295035293e-08,-0.5904269511941296,7.576909766787304e-08,7.705271643648919e-08,-0.5602573064565153,8.186505771648494e-08,8.30818568422995e-08,-0.5541069868788869,8.781652706710621e-08,8.906583088024118e-08,-0.5462918436121496
1.3303334409165149e-05,1.3451449682337728e-05,-0.3543409542294825,1.4234912763537358e-05,1.4386774539629905e-05,-0.3445285906254865,1.294514176641882e-05,1.3068265226571489e-05,-0.3333347200872258,1.1344128159852683e-05,1.1436908173079982e-05,-0.3127153808208843,1.0546642069538925e-05,1.0626685408069923e-05,-0.3042781675483434,1.1118905156775427e-05,1.119568105361362e-05,-0.2933508562179646,1.141681851279576e-05,1.149292630189333e-05,-0.2878833030402221,1.157172736209134e-05,1.1646789846794138e-05,-0.2836265894135551,2.1821821513419305e-06,2.214376151981384e-06,-0.4538819963254743,2.288441164448452e-06,2.320368400997234e-06,-0.4466655820079445,2.085276337809228e-06,2.1116951247958117e-06,-0.4254327923144879,1.7195496165761194e-06,1.7382214637531313e-06,-0.4025140572292923,1.5584059738434125e-06,1.5740904063074954e-06,-0.3892720793456813,1.6695778421607903e-06,1.6848232733743009e-06,-0.3764410157286224,1.7004302859710542e-06,1.7154582642472198e-06,-0.3687893792841146,1.7587399739680825e-06,1.7738469349007305e-06,-0.3612656802327374,3.881717295321857e-07,3.955621109086876e-07,-0.548646553312937,3.986249817384517e-07,4.058799783132942e-07,-0.5456614638706804,3.63708927993538e-07,3.6958332112919866e-07,-0.5202317522625793,2.770252413915927e-07,2.807900176540316e-07,-0.4916954322252894,2.416840137420896e-07,2.4465064345338017e-07,-0.4813676866578731,2.717827250436771e-07,2.7479976173055854e-07,-0.4586982632822338,2.664940153009899e-07,2.69297107838808e-07,-0.4549721910350011,2.743528245191406e-07,2.7708145802773624e-07,-0.4530435190066315,7.345322983620215e-08,7.504146976216286e-08,-0.6564065108691451,7.651419065861226e-08,7.809007534523492e-08,-0.6427539242879802,5.875530892009469e-08,5.982387090481269e-08,-0.6404392591075636,5.103677228794388e-08,5.1897591366562525e-08,-0.5660770537932931,4.503911706702447e-08,4.5661467061693275e-08,-0.5623733043324577,4.51721561880835e-08,4.5793809009196046e-08,-0.5454751425555464,5.2174768055105794e-08,5.2836463052801886e-08,-0.522070137563465,5.026310191137703e-08,5.088611395550061e-08,-0.5224921307464192
1.499326625128035e-05,1.517072632858714e-05,-0.3599222668814386,1.5497248734695924e-05,1.567109437741464e-05,-0.3517028120933334,1.4654351868161263e-05,1.4802449055942552e-05,-0.3370385928946363,1.183247792176808e-05,1.1935653462882225e-05,-0.320970580717997,1.2679391366948132e-05,1.2779267221740694e-05,-0.3045599225593559,1.2195149369071268e-05,1.2285068266398946e-05,-0.2982603018299051,1.3251076230631109e-05,1.334323251852194e-05,-0.2895315757490956,1.344648900650981e-05,1.3538240150267665e-05,-0.2858371655579528,2.489263382235293e-06,2.5277870073994253e-06,-0.4612543347299972,2.601163421084152e-06,2.639182825654245e-06,-0.4556264785762238,2.377204638546336e-06,2.408684072115033e-06,-0.4314471321259231,1.8462384150656835e-06,1.8670609687306277e-06,-0.4127940860929309,1.980562105221772e-06,2.0006661675492047e-06,-0.3921344243181193,1.8495951297543123e-06,1.867595112858047e-06,-0.3836526234024032,2.0320453051170016e-06,2.0507073994242165e-06,-0.373169524905716,2.118790003429464e-06,2.137866619021701e-06,-0.3657136380556869,4.428863415864025e-07,4.514283988564254e-07,-0.5689475568227506,4.833711652633358e-07,4.924266253864136e-07,-0.551004830447499,4.316083378461814e-07,4.389076289626851e-07,-0.5273401881941905,3.174773191070594e-07,3.220683305891588e-07,-0.4970067188280156,3.579002022549237e-07,3.622626355829494e-07,-0.4716072458961463,3.114808432902181e-07,3.152882336802849e-07,-0.4656311537420279,3.474683721183772e-07,3.513609231722693e-07,-0.4565689030709611,3.459539890667899e-07,3.497141333420268e-07,-0.4534312316377689,8.233352305740557e-08,8.42355975372623e-08,-0.6787732497231361,8.920940429653693e-08,9.10589345469144e-08,-0.6673591583978962,7.958092021901816e-08,8.111166428440144e-08,-0.6294903906982527,5.993317863302582e-08,6.10160508790282e-08,-0.5793666952792176,6.490834442759571e-08,6.58997574749628e-08,-0.5558245991510256,5.7382604843121876e-08,5.821682531981795e-08,-0.5481849704419682,6.153461760037755e-08,6.233745311298317e-08,-0.5357778386105208,6.553314090474396e-08,6.643055385300053e-08,-0.5166600920997042
1.093084973452054e-05,1.1043022598929598e-05,-0.3434988411945315,1.1315013920949348e-05,1.1424945535516031e-05,-0.3365237197333346,1.1092418958757848e-05,1.118787539528714e-05,-0.320788311161965,9.576430635379116e-06,9.647084180343708e-06,-0.3024660341040605,9.298753341577813e-06,9.361433371486587e-06,-0.2919531267393899,8.690071433471405e-06,8.744854256112959e-06,-0.2865458617158745,9.499570949625155e-06,9.556719993729358e-06,-0.2788600225107213,1.0270640779056152e-05,1.0329617237761764e-05,-0.2718147864481769,1.6664854704582356e-06,1.6888678781578645e-06,-0.4431577335089514,1.7176173565560004e-06,1.7397358267510014e-06,-0.4342537054648284,1.7072924064232384e-06,1.7265322892677338e-06,-0.4085086398319202,1.3848786789378673e-06,1.3983639609095763e-06,-0.3880051072401323,1.3631431693723884e-06,1.375207885404274e-06,-0.3713243846954601,1.2560526385798278e-06,1.2663487565046232e-06,-0.3658759903954787,1.350097586981635e-06,1.3607639112347529e-06,-0.3558488345754491,1.5062569355542836e-06,1.5178770436668184e-06,-0.3457316371570608,2.753853399134035e-07,2.801000660883856e-07,-0.5367088130057412,2.948635159070847e-07,2.997163800692691e-07,-0.5183317904382568,2.8811379789062445e-07,2.921802424237888e-07,-0.5000842280469696,2.137266137123781e-07,2.1614730080877733e-07,-0.482174875513211,1.966948786500748e-07,1.9879510676573037e-07,-0.4638809149937024,1.828593430671193e-07,1.847404287484312e-07,-0.4529737022924877,2.0842116883443485e-07,2.103711148212961e-07,-0.4387351540130917,2.299866663161636e-07,2.3213287264371626e-07,-0.4273629646413531,4.571556728759839e-08,4.6559699843890906e-08,-0.6521002713388647,5.1304047810432295e-08,5.225388038999073e-08,-0.6332538598982305,4.5367888925359775e-08,4.612535869631044e-08,-0.6049899245360395,3.653069405151968e-08,3.705877810211834e-08,-0.5567891155456498,3.362142314761051e-08,3.405602259465491e-08,-0.539531852833855,2.7252794727708706e-08,2.757979385394385e-08,-0.5478072049146191,3.6678107606692295e-08,3.706203276808423e-08,-0.511472126641173,3.9120003098480914e-08,3.9555195893839067e-08,-0.5012572279041758
1.4437805023585747e-05,1.4606305944270146e-05,-0.3603007609941308,1.4888407266600802e-05,1.5053872558500755e-05,-0.3511918381192765,1.425143556375785e-05,1.4393856604367136e-05,-0.3354805578115985,1.2259106603385184e-05,1.2363943175022584e-05,-0.3169580135325973,1.1675451652456872e-05,1.1766699723768865e-05,-0.3062151021149225,1.2350431326591894e-05,1.243935739640124e-05,-0.2947603120331482,1.247969650995997e-05,1.2566017021203054e-05,-0.2907043674058067,1.3412232145301066e-05,1.350216413151278e-05,-0.2842899320894343,2.438725232815194e-06,2.475831341733001e-06,-0.4600922605024519,2.4927996404608173e-06,2.5292224342858606e-06,-0.4496197169188489,2.274165616549651e-06,2.3038612573077195e-06,-0.4327025219510572,1.9587375987909253e-06,1.980646677517217e-06,-0.4049105610637961,1.802648039913485e-06,1.8215328056479871e-06,-0.389295590857235,1.9133238957219253e-06,1.931381608649546e-06,-0.3770893649796796,1.9079191587249478e-06,1.925320403658484e-06,-0.3737934329559594,2.0452904894504257e-06,2.0634425529643176e-06,-0.3656885451317169,4.418803435843655e-07,4.50245314592194e-07,-0.5617125688560434,4.4853313640418665e-07,4.569838109975954e-07,-0.5455750375587054,4.075994927772013e-07,4.143785861463146e-07,-0.5252621759257068,3.264582313387473e-07,3.309214220917252e-07,-0.4972892564785615,2.979309815264519e-07,3.01661834574279e-07,-0.48301490153135,3.1482276367442545e-07,3.184218145477493e-07,-0.4680637042263437,3.2158226948308504e-07,3.250971794023625e-07,-0.4554820175662277,3.406015026776907e-07,3.443298710669519e-07,-0.4489363373973477,8.27918742684101e-08,8.461355646485112e-08,-0.6746827887810829,8.15530402384046e-08,8.34022019016451e-08,-0.6641911796795416,7.682344245281967e-08,7.834216234050933e-08,-0.6199460243957975,5.66359606985196e-08,5.765322468702325e-08,-0.5801152900812656,5.72039852827746e-08,5.80845385672029e-08,-0.5513139475403058,5.625982529965081e-08,5.711414874711552e-08,-0.538169207746424,5.7790212086140046e-08,5.854510475565573e-08,-0.5368192335187022,6.165900767069724e-08,6.244087150593469e-08,-0.5329344899030346
1.6614017622155353e-05,1.682051064919689e-05,-0.3634245763945039,1.7365447412976748e-05,1.756956676679403e-05,-0.3564198758585639,1.6871989262920708e-05,1.704999792833678e-05,-0.339575027781969,1.3786503779410987e-05,1.3910014683029495e-05,-0.3231646223375692,1.3793562589581365e-05,1.390643331303607e-05,-0.3093677648687702,1.3827924846738552e-05,1.3934026293502868e-05,-0.3021340538729026,1.4381122443030766e-05,1.448749810925258e-05,-0.2945885560979317,1.4593274092391986e-05,1.4698424674175466e-05,-0.2912221138175676,2.844967565348777e-06,2.8911731812067027e-06,-0.4700433617055155,2.9856111482473417e-06,3.0318491425565084e-06,-0.4593421377448324,2.886893915619847e-06,2.927096585966423e-06,-0.4348299425826272,2.199521203432074e-06,2.22600015761029e-06,-0.417300516674092,2.2399656738264217e-06,2.264603227513079e-06,-0.3945109074985415,2.2524961100002754e-06,2.275274508089842e-06,-0.3851573563246517,2.339426385423795e-06,2.3621133030071624e-06,-0.3770393014262493,2.3039386549384315e-06,2.32569518787744e-06,-0.3746023930525606,5.337812797494452e-07,5.448438028612489e-07,-0.5684517841724395,5.828890694988784e-07,5.938750259298737e-07,-0.5567389413579844,5.396563133207078e-07,5.490703425826968e-07,-0.5275169458967497,3.92322572305822e-07,3.981093838898085e-07,-0.5063007723032973,3.811757784233967e-07,3.861705065899065e-07,-0.4877644917574509,3.838496388310632e-07,3.886318277472189e-07,-0.4738649819353165,3.958825784108121e-07,4.004989328001504e-07,-0.4677094590144102,3.896449037674258e-07,3.941143963576178e-07,-0.4640761667541589,1.0104635512972359e-07,1.0345609499842532e-07,-0.6798144988203629,1.1572399476009056e-07,1.1836162460799434e-07,-0.6578233907186155,1.102172715532092e-07,1.125058738029688e-07,-0.6188383218681339,7.332580386416091e-08,7.45897073374505e-08,-0.5956107939512888,6.810613302767595e-08,6.921954849144905e-08,-0.5810591578442608,7.417089921176303e-08,7.529880145673243e-08,-0.5483332209224572,7.744415021326334e-08,7.861598129740264e-08,-0.5368500094175022,7.768112106850278e-08,7.87288526574491e-08,-0.5292934077855131
8.347823016658942e-06,8.424154377542778e-06,-0.3339269705880289,9.28871766520103e-06,9.36732082613058e-06,-0.3224387128663289,8.86269884671433e-06,8.929918626975033e-06,-0.3078101464326358,7.900527304544583e-06,7.95138120899374e-06,-0.2902921005763923,7.254628777986878e-06,7.297593686619391e-06,-0.2817270464414297,7.540030379893837e-06,7.581255054121328e-06,-0.2729631062414954,7.26743635951442e-06,7.305873888706675e-06,-0.2701333193918652,7.964113143309604e-06,8.004435232893103e-06,-0.262438889353549,1.1800853667074406e-06,1.1939012412188914e-06,-0.4301198561346366,1.3188924620731434e-06,1.3335490587588097e-06,-0.4164394156183998,1.2388532749577652e-06,1.2514403241341022e-06,-0.3939822166373817,1.0562685574019835e-06,1.0654513765985656e-06,-0.3760771734040125,9.464693135908972e-07,9.541268731131986e-07,-0.3587255411206838,9.871308168134725e-07,9.943839812318498e-07,-0.349259624979541,9.576833645527783e-07,9.644080016906892e-07,-0.3451915679303576,1.0600892856979666e-06,1.0672419290678508e-06,-0.3383621874602023,1.837606002202021e-07,1.8647717907237878e-07,-0.5257807408841755,2.1452612469064946e-07,2.175629718593591e-07,-0.4985567049064887,1.9504248232238154e-07,1.9747846706748054e-07,-0.4772451072755783,1.654839976817426e-07,1.67264495701681e-07,-0.454396509452727,1.360920708323277e-07,1.373624135779665e-07,-0.4436131077631426,1.487916652008622e-07,1.501182709660987e-07,-0.4245676789674998,1.4285011909056616e-07,1.440419169015371e-07,-0.4202409849415726,1.497056071733031e-07,1.5094843081821557e-07,-0.4152661549987676,3.1988069599172645e-08,3.253151664801686e-08,-0.608432190170825,3.345521413213576e-08,3.4040446449771976e-08,-0.5966549274611086,3.166274846411724e-08,3.2176420380385005e-08,-0.5623994491474344,2.6684139834992477e-08,2.7016025208418548e-08,-0.5323708886891485,2.30048550368029e-08,2.3286541374112438e-08,-0.5042893188404428,2.2514025269937496e-08,2.2738191698305082e-08,-0.5114576944982766,2.303642371483715e-08,2.3272304200957534e-08,-0.4904343030399525,2.265877668799887e-08,2.2877360859616312e-08,-0.4992342566013907
1.2243449928004568e-05,1.2375726507983407e-05,-0.3514189444801297,1.28597549012942e-05,1.299260323227112e-05,-0.3430879535005523,1.224626319492898e-05,1.235882443207327e-05,-0.3282213823521235,1.0681238887303412e-05,1.07645171272858e-05,-0.3096618596121154,9.82761456621187e-06,9.898871058012983e-06,-0.3014193933179979,1.0835856920827888e-05,1.0907866172416712e-05,-0.2871615993605078,1.05817400485588e-05,1.0649404164468654e-05,-0.2841873984908738,1.1305086940661075e-05,1.1374426424226772e-05,-0.2781576554880837,1.9753682461282365e-06,2.003569433419216e-06,-0.4509835922183628,2.103097448590624e-06,2.1315222862302e-06,-0.4389165992276301,1.9122587217579555e-06,1.935450705506739e-06,-0.4211444849789091,1.6303060518427068e-06,1.6471001725586816e-06,-0.3956038194783481,1.464199541165958e-06,1.478449389677942e-06,-0.3812883342027133,1.57096498288306e-06,1.5845952712166072e-06,-0.3703222282489014,1.5079938300290008e-06,1.5208599500568146e-06,-0.3663320067168619,1.6441872867964017e-06,1.657349892770673e-06,-0.3583460758820784,3.3567144035390214e-07,3.415686095212939e-07,-0.5546130656501439,3.702128548000959e-07,3.7637923545902274e-07,-0.5325857420005968,3.149294341448203e-07,3.196746402342743e-07,-0.5192464592559245,2.468405947366268e-07,2.498464272168057e-07,-0.4963661458916943,2.2916609137685847e-07,2.3181752529775137e-07,-0.4709376124950238,2.5943599036218706e-07,2.622074565918352e-07,-0.4499283534697347,2.3611580513528125e-07,2.3848699364816365e-07,-0.4502919169859214,2.559290906986623e-07,2.5843174225088664e-07,-0.4428000954601963,5.630905279416837e-08,5.7535771743525034e-08,-0.6606386737388298,6.464172345707763e-08,6.594385344108528e-08,-0.6394777892769195,5.281633676750812e-08,5.381100803633818e-08,-0.6174405245382378,4.700870562216534e-08,4.7707962939079846e-08,-0.5697747090158011,3.9369041175276286e-08,3.9943228249351884e-08,-0.540134744315765,4.8449171462756735e-08,4.9093448379279634e-08,-0.5143649683264971,4.4232696696514265e-08,4.4810206764781616e-08,-0.512926861477504,4.5853228116629985e-08,4.640840301972267e-08,-0.511374581479027
1.1482665566496831e-05,1.1602854338286976e-05,-0.3485368200942803,1.2694792473272469e-05,1.2819127715009164e-05,-0.3350970720931863,1.0965490369012697e-05,1.106450529876799e-05,-0.327229299739377,1.0137359692069698e-05,1.0214005767034027e-05,-0.3053624195662628,1.0300745703386936e-05,1.037154504967808e-05,-0.2910254321964203,9.828840707902572e-06,9.892449234863769e-06,-0.2852703686861041,9.714935219248336e-06,9.776239503522111e-06,-0.2806714540678344,1.0363808710326906e-05,1.042619494728262e-05,-0.2763534104071217,1.8113297763768968e-06,1.836297642633206e-06,-0.4455601233789686,1.9745299707679057e-06,1.999979371207888e-06,-0.434769870237197,1.671021245563587e-06,1.6907405053638096e-06,-0.4195309280161928,1.4868311979522176e-06,1.5018498727160916e-06,-0.391776284601554,1.5066998353667238e-06,1.5205286822364649e-06,-0.3716497303728175,1.4017528057144927e-06,1.413715643816236e-06,-0.3675533679240292,1.3980695884970864e-06,1.4093101702549042e-06,-0.3618486405841671,1.5514217707448571e-06,1.5637120291676548e-06,-0.3532522992339468,3.111806170749198e-07,3.165893370944041e-07,-0.541019704120772,3.417192735124865e-07,3.475385379034888e-07,-0.5243633592251441,2.686449275105914e-07,2.725075888765907e-07,-0.5186340539913911,2.3843505366255654e-07,2.413152399063454e-07,-0.4817598759877903,2.472285697561551e-07,2.499638910745109e-07,-0.4535471416330573,2.276030381154367e-07,2.298818751497623e-07,-0.4482671867056853,2.256389906795579e-07,2.278349050835315e-07,-0.4365157707854895,2.3496631385464265e-07,2.372061842618401e-07,-0.4373616434930573,5.4587666037955995e-08,5.5706527695295043e-08,-0.6413330488282711,5.8045819286548607e-08,5.920793898185673e-08,-0.6376200519419377,4.128404305049908e-08,4.193679994597322e-08,-0.6368795283575375,4.379152589489722e-08,4.444119545277827e-08,-0.5475084744236289,4.064253817132351e-08,4.1171430931913454e-08,-0.5425783276039217,3.8038910829217255e-08,3.85213705915212e-08,-0.522001943421299,3.6399337218578095e-08,3.685731169396881e-08,-0.5136904042885945,4.037704217224385e-08,4.083231687966281e-08,-0.5052965692955367
1.64525730147005e-05,1.6656680114054102e-05,-0.3643656644588176,1.6311977072749447e-05,1.650668395425771e-05,-0.3590154574037515,1.6215748797239054e-05,1.6386943816533044e-05,-0.3411641749198407,1.268029605891768e-05,1.2797504245613929e-05,-0.3282811346208376,1.3430447486223088e-05,1.3540693413886773e-05,-0.3118060681424078,1.369816904604336e-05,1.3803924432023274e-05,-0.3025596830420977,1.3730531145436468e-05,1.383281617148503e-05,-0.2969203359131048,1.5098159877113654e-05,1.520647751787058e-05,-0.2897025446547489,2.8580325412929173e-06,2.9044868304950067e-06,-0.4691099842061677,2.8153760437784137e-06,2.859247979359817e-06,-0.462898110377947,2.6978091726788707e-06,2.736424347921991e-06,-0.4396160544131164,2.0394425381967766e-06,2.0642446204482267e-06,-0.4191949491909348,2.1421043822978623e-06,2.1654219419160152e-06,-0.3993948447162431,2.18606138112736e-06,2.2083229313864697e-06,-0.3865094287472866,2.122798888222802e-06,2.143157419273496e-06,-0.3845698940123079,2.448532869937856e-06,2.471457062831178e-06,-0.3710846810661962,5.311372911485905e-07,5.416977188071594e-07,-0.5752641405934831,5.295538085451295e-07,5.40104683012138e-07,-0.5596564303501753,5.472340851137307e-07,5.568901543339586e-07,-0.5245764722942887,3.483992034144607e-07,3.535722678093364e-07,-0.5170840920587993,3.784911467750718e-07,3.834526925532978e-07,-0.4857427695877685,3.74969938509093e-07,3.798525245190297e-07,-0.4735843654341563,3.723885382367596e-07,3.768381970221389e-07,-0.4653002170247035,4.171353201811091e-07,4.219164228912972e-07,-0.4592912382554436,1.013939344020148e-07,1.0381949394573388e-07,-0.6848077950348377,9.958822960327933e-08,1.0172676461163987e-07,-0.6840582561906693,9.600142964339694e-08,9.800386565312963e-08,-0.6365593255436444,5.94723319226793e-08,6.058171256197685e-08,-0.6137226461066845,6.920491099381615e-08,7.041716716740383e-08,-0.5577722535626932,6.452131207444298e-08,6.547981217989694e-08,-0.5623986887836598,7.05404016109854e-08,7.156935746511792e-08,-0.5455886325442476,7.55933698354997e-08,7.66411101235067e-08,-0.540487213555664
1.3267528834331003e-05,1.3415953809364531e-05,-0.3550691667921366,1.3328165168801298e-05,1.3470060030226383e-05,-0.3491525276726799,1.335073209431533e-05,1.3477776470016452e-05,-0.3307661317556398,1.1664995200147506e-05,1.1759770369521212e-05,-0.3110588085016,1.081780719802708e-05,1.0898375768280048e-05,-0.3031600882811164,1.1255428706942431e-05,1.1333527172405004e-05,-0.2926619053727707,1.2072670611015262e-05,1.2152438908327368e-05,-0.2845138231946065,1.1256893761681674e-05,1.133039210927754e-05,-0.2842083872823114,2.1343611792822057e-06,2.1660168349412835e-06,-0.4553184945685654,2.184240324236157e-06,2.2156900679070853e-06,-0.4457026632109236,2.1237497603255484e-06,2.1503969495752447e-06,-0.4238903004874633,1.7844185929418391e-06,1.8039978521334863e-06,-0.3968761140740952,1.6636057860699478e-06,1.6803818294404176e-06,-0.3832144928112114,1.7180536261407263e-06,1.733900658638622e-06,-0.3710407766468256,1.8665294685494489e-06,1.8825375043106295e-06,-0.3628347998695258,1.6702683180677738e-06,1.684520913048055e-06,-0.363959781655402,3.765943155148994e-07,3.835875229020388e-07,-0.5547209105324182,3.83040021924429e-07,3.899296294600346e-07,-0.5412456047367663,3.785769364009289e-07,3.8449594211968965e-07,-0.5176439091911643,2.856418953935852e-07,2.8927656129807584e-07,-0.4982481769820713,2.6616067981380625e-07,2.693305869087233e-07,-0.4765412478556696,2.8309285953598e-07,2.8627433829015965e-07,-0.4514459428172288,2.93705647656345e-07,2.967221406959835e-07,-0.4550198691148655,2.665385077074608e-07,2.692563309769745e-07,-0.4496680787919325,7.622003096405016e-08,7.78037966104905e-08,-0.6489303340045256,7.094632268302628e-08,7.241544439787259e-08,-0.6462165592366298,6.468095005639303e-08,6.592618716636985e-08,-0.6222916674014219,5.4921625390537236e-08,5.58101928854429e-08,-0.5702942277303402,4.5288153340447444e-08,4.594833609211095e-08,-0.5566082169675166,4.8010371205839376e-08,4.8630684053853924e-08,-0.5411058975981551,5.362378562557685e-08,5.432440435014268e-08,-0.5242022772391243,5.0095353669863006e-08,5.0705095350212506e-08,-0.522686412127251
1.140308068572815e-05,1.152318512832743e-05,-0.3469946727495551,1.1647724330821736e-05,1.1762208496302002e-05,-0.3408608526361557,1.1801825056256772e-05,1.190519961908134e-05,-0.322222624695319,9.805987685213178e-06,9.879421680342125e-06,-0.3065463848362809,9.330562004228488e-06,9.394578387518937e-06,-0.2968168321148526,9.416146370559286e-06,9.476722212721803e-06,-0.287663604671102,1.0151083066308916e-05,1.0213811808462843e-05,-0.2790185604851027,1.0017791354179993e-05,1.007769708955957e-05,-0.2774560336702854,1.7899972547631117e-06,1.8144029551191809e-06,-0.4462623182846938,1.828417577644848e-06,1.8520329350108695e-06,-0.4382505479620867,1.790210808109231e-06,1.8109658786424997e-06,-0.4128840379901212,1.4483998861408529e-06,1.4628309542708206e-06,-0.3917701115090737,1.3938219132893745e-06,1.4067379254967764e-06,-0.3752874875679235,1.3474613112258918e-06,1.3589362290345497e-06,-0.3674332538141486,1.4736974107741234e-06,1.485545882112724e-06,-0.359463644102753,1.4725439338123333e-06,1.4838483272887262e-06,-0.3551839576833773,2.993534949868727e-07,3.045086585866203e-07,-0.5424156063714012,3.184249240577877e-07,3.237063181272519e-07,-0.526537577278658,3.037637136367148e-07,3.081489444676835e-07,-0.5043731889169187,2.40771833158628e-07,2.438343834769612e-07,-0.4697465387828284,2.1327910298977882e-07,2.1563734272476447e-07,-0.4634849382280368,2.0580192959984866e-07,2.0795063923056305e-07,-0.4500319927862533,2.386209948122533e-07,2.4092475894594015e-07,-0.4369426191730565,2.2862590546126717e-07,2.3077895858010469e-07,-0.4378787072849299,4.985229223021208e-08,5.086933579963717e-08,-0.6523199447797627,5.351312463953029e-08,5.465273744910887e-08,-0.6191815902994244,4.6964493829288717e-08,4.7743455063637296e-08,-0.6241323010101434,3.9399055092175524e-08,3.9988019824095285e-08,-0.5626726267785627,3.57306637733752e-08,3.620527748830647e-08,-0.5432462117260802,3.3386000276539666e-08,3.3780687501190294e-08,-0.5352574988196739,4.1944377316577134e-08,4.247689938573896e-08,-0.5001453050470444,4.06036469702406e-08,4.10882252182465e-08,-0.498702805752997
1.5367083714042744e-05,1.555101592522839e-05,-0.3612469504843578,1.609380897229782e-05,1.6277116420924035e-05,-0.3531942471448974,1.4452297788149686e-05,1.4602030120094038e-05,-0.3422388251323092,1.3152817148671948e-05,1.3266629966720976e-05,-0.31952220993436,1.3023595700393682e-05,1.3127144209916078e-05,-0.3069813012257076,1.2903689361179502e-05,1.2999685559248376e-05,-0.2982288249316993,1.2807012618208122e-05,1.2899621077621008e-05,-0.2948844732090575,1.4523819461018324e-05,1.4623131643919788e-05,-0.2872501339740123,2.612662773316224e-06,2.6533799894511908e-06,-0.4647454133148558,2.695887916369413e-06,2.7367224666561155e-06,-0.4540444542252535,2.4406646581518155e-06,2.473540322504888e-06,-0.4360278020231257,2.0850461772338498e-06,2.1091765762473656e-06,-0.4107727622017029,2.093085632851389e-06,2.115268349857382e-06,-0.3901924530077026,2.0291141649274874e-06,2.049429258515605e-06,-0.3808453181206889,1.980909782729129e-06,1.9995858956036483e-06,-0.3807787037149629,2.342529209641346e-06,2.3637074841545983e-06,-0.3644077700146214,4.956743712051346e-07,5.053208157574405e-07,-0.56225542843621,5.156658507673101e-07,5.249801499544867e-07,-0.5531370154653338,4.306332275177166e-07,4.37764726897809e-07,-0.5372616020059695,3.476859652179311e-07,3.5258111902632666e-07,-0.5067907786773859,3.362541195909684e-07,3.404851990457579e-07,-0.4875948423573533,3.352931797988023e-07,3.392665498365848e-07,-0.4717107228931397,3.211463675695688e-07,3.248827921494187e-07,-0.4665513301106773,3.8763389054043313e-07,3.920475656727691e-07,-0.448520492643281,9.08307504691112e-08,9.289211939651648e-08,-0.6745629818403127,9.63257685742809e-08,9.852512023421847e-08,-0.6529947462229926,7.469238527363035e-08,7.615180985917552e-08,-0.6426755507407651,7.241108947720137e-08,7.364015765000946e-08,-0.5789274459105256,6.481246840740473e-08,6.57475785922093e-08,-0.5743560922871797,6.391251889699906e-08,6.489052357073416e-08,-0.5453323209209224,6.37091574284709e-08,6.45753218660039e-08,-0.5375963570693648,7.475365326409855e-08,7.574561932699318e-08,-0.5252833028958279
1.0793943751930866e-05,1.0902982952657943e-05,-0.3444116320323384,1.1463295913499318e-05,1.1573328345543143e-05,-0.3342757977449773,1.07284252753966e-05,1.0821185801567203e-05,-0.3211306573191511,9.863998991920002e-06,9.935591797479384e-06,-0.2995138273207194,9.497772092154997e-06,9.560617933217456e-06,-0.2900962618391209,8.579531655780509e-06,8.633724980348509e-06,-0.2865284614139184,9.100472115864057e-06,9.155410850363162e-06,-0.2790697401557448,9.656222232469793e-06,9.712277300552567e-06,-0.2725285261810105,1.630531133538739e-06,1.6521641187553322e-06,-0.443404504681759,1.762681488161178e-06,1.7848137942470343e-06,-0.4306194866462747,1.6200190879680018e-06,1.6384591065756795e-06,-0.4117622724288397,1.4393237101895263e-06,1.4531921742116556e-06,-0.3837579446014961,1.3676901906125813e-06,1.379411907733908e-06,-0.3723393222217311,1.252836881915342e-06,1.2632130670182907e-06,-0.3613608759197514,1.2723897713012902e-06,1.282393740914497e-06,-0.359618619801905,1.3789816822130736e-06,1.389445926187293e-06,-0.350806274332767,2.734949167623443e-07,2.780375637835085e-07,-0.5400907017713084,2.877774468741924e-07,2.9220141730841e-07,-0.5335472259854335,2.6452610006117546e-07,2.682403053763486e-07,-0.5045815830987328,2.3227965519034107e-07,2.3509796425214522e-07,-0.4668365396152181,2.071833345496549e-07,2.093220156531527e-07,-0.460148794686086,1.8324166163883835e-07,1.8504137545589026e-07,-0.4504870690029705,1.850078070526242e-07,1.867529584407023e-07,-0.4422462337191251,2.07761297152183e-07,2.0961871656102507e-07,-0.4337899485178272,5.3323221089384516e-08,5.4413812136078754e-08,-0.6126561061357916,5.342343419466094e-08,5.4477851393173214e-08,-0.6170042969336151,4.269576350091332e-08,4.34550711431917e-08,-0.6021044016590839,3.7712099682634164e-08,3.8209036561142857e-08,-0.5626261116146841,3.4561241027558913e-08,3.4991810470544e-08,-0.5381260558736449,3.4693550733759286e-08,3.5127917382616136e-08,-0.5056393683683175,3.6278300036170886e-08,3.669920580012984e-08,-0.4966279857422051,3.6139518007308336e-08,3.657046387664655e-08,-0.492112348537011
1.357802197645819e-05,1.372998522168149e-05,-0.3540178774515873,1.3868074235646717e-05,1.4015121860183637e-05,-0.3484099461837837,1.3506219777883891e-05,1.3634985675271536e-05,-0.3307475362204308,1.1047944360375107e-05,1.1139482966574986e-05,-0.3156313494539831,1.099572122506236e-05,1.107743068393896e-05,-0.3034767291870976,1.146901723665135e-05,1.1549018660194525e-05,-0.2923137675054724,1.1272660979453943e-05,1.1348754839502151e-05,-0.2891403441121564,1.2314500673553178e-05,1.239400064496229e-05,-0.2824998270643911,2.2049912961267405e-06,2.237666743404444e-06,-0.4551995585907292,2.226589745542018e-06,2.257813003900362e-06,-0.4472046821493105,2.184933146752802e-06,2.2130929306461163e-06,-0.4223117037421183,1.7233561241584927e-06,1.7420451599271765e-06,-0.4026357201350368,1.6498547967473452e-06,1.666447584474907e-06,-0.3863375052040942,1.74113508872059e-06,1.7571789450437387e-06,-0.3738960830346777,1.68770024941092e-06,1.7025757499164518e-06,-0.3724600110218337,1.871956221963233e-06,1.8874829089479008e-06,-0.3629300509931922,3.884879969098839e-07,3.953934609438957e-07,-0.5575451524817162,4.0244628034026914e-07,4.096052808880782e-07,-0.5400996166372946,3.9801616948828346e-07,4.041891978715838e-07,-0.5177043503411151,2.776550616764826e-07,2.815762079606965e-07,-0.4876389456655199,2.6746117390702253e-07,2.708226514975226e-07,-0.4702011172431657,2.734672920729355e-07,2.764462764161471e-07,-0.4644692626653575,2.625298541831801e-07,2.6537170006660297e-07,-0.4562915649950334,2.9627066101161733e-07,2.9929457262447265e-07,-0.4497715004992398,7.404673117457327e-08,7.556881694886604e-08,-0.6572820058927029,7.441858180438452e-08,7.607532606034366e-08,-0.6395263179797314,6.914360469936983e-08,7.046772607818435e-08,-0.6176626715385063,4.991117055605203e-08,5.0713089681939685e-08,-0.5745483181014495,4.4789675415241344e-08,4.540852149994938e-08,-0.5748670692556741,5.4629876405696926e-08,5.5365034289091806e-08,-0.527607835795093,5.052909053596782e-08,5.11619780557218e-08,-0.5281075889906237,5.4654089505354414e-08,5.5343411486174283e-08,-0.5206108879064647
1.2650026605550022e-05,1.278781215422761e-05,-0.3504926208698767,1.268953032501761e-05,1.2819872521847528e-05,-0.3456771998777567,1.2361945207600803e-05,1.2476314846861827e-05,-0.3292513958957432,1.0559915356439563e-05,1.0642814370003908e-05,-0.311332079304819,1.0416200351982251e-05,1.0490985777993588e-05,-0.2990368358236733,9.752183875947857e-06,9.819379252340424e-06,-0.2923818478552372,9.568779861735111e-06,9.63119705076384e-06,-0.2901665379626,1.0989377587886342e-05,1.1058544869664246e-05,-0.2804780464870036,1.9886244305214888e-06,2.0171542897432117e-06,-0.4528992496266233,2.0672077089038188e-06,2.0948923210673675e-06,-0.4447050249404936,1.8991549495433275e-06,1.922238614705651e-06,-0.4215458239305649,1.554026487650588e-06,1.5701155447983189e-06,-0.4019236998881651,1.5209207690472127e-06,1.53526837583037e-06,-0.3835657894787259,1.4246594536163984e-06,1.4376496233550202e-06,-0.3728078264989641,1.4509976771837226e-06,1.4635016021467602e-06,-0.3673915523243508,1.6495138820595991e-06,1.6628630125090254e-06,-0.3578315482906646,3.6084335563142843e-07,3.67265577929009e-07,-0.5481410990543963,3.6124583777670636e-07,3.67573346462618e-07,-0.5299100968829015,3.063776688327931e-07,3.111287552312365e-07,-0.5249180180956388,2.496654652454786e-07,2.52806320143793e-07,-0.4941427141944283,2.3616554986719755e-07,2.389541363282557e-07,-0.4726337879966326,2.2477914818359046e-07,2.272826590078265e-07,-0.4554002134683283,2.1006062157945314e-07,2.1224893694577858e-07,-0.456070876510241,2.6219197022688137e-07,2.647292084245016e-07,-0.4446434370986039,6.168771326276298e-08,6.299099022546385e-08,-0.656394073537226,6.600387522145897e-08,6.734809520334114e-08,-0.6316431355653425,5.7776885135478336e-08,5.8879879780239674e-08,-0.6030697256361691,4.7308737993874806e-08,4.807436760811357e-08,-0.5605120416805237,4.0452307287051617e-08,4.100265692380583e-08,-0.5584633118759932,3.694060082403154e-08,3.744129011344761e-08,-0.5408441290792839,3.528693705780483e-08,3.575066051793633e-08,-0.5342923161984185,4.4073483966326426e-08,4.4581973302223364e-08,-0.5216983506727668
